{
  "cli": {
    "version": ">= 16.28.0",
    "appVersionSource": "remote"
  },
  "build": {
    "base": {
      "corepack": true,
      "android": {
        "credentialsSource": "local",
        "resourceClass": "large"
      }
    },
    "development": {
      "developmentClient": true,
      "distribution": "internal",
      "extends": "base"
    },
    "preview": {
      "distribution": "internal",
      "extends": "base",
      "android": {
        "buildType": "apk"
      }
    },
    "production": {
      "autoIncrement": true,
      "extends": "base"
    }
  },
  "submit": {
    "production": {}
  }
}
